Datetime,Water Level (m)
2025-11-05 00:00:00,-0.0064916685
2025-11-05 01:00:00,-0.14495799
2025-11-05 02:00:00,-0.23800385
2025-11-05 03:00:00,-0.13864516
2025-11-05 04:00:00,0.099795066
2025-11-05 05:00:00,0.4311297
2025-11-05 06:00:00,0.72076637
2025-11-05 07:00:00,0.8257278
2025-11-05 08:00:00,0.694196
2025-11-05 09:00:00,0.50531405
2025-11-05 10:00:00,0.3125641
2025-11-05 11:00:00,0.14282058
2025-11-05 12:00:00,-0.015921054
2025-11-05 13:00:00,-0.16088575
2025-11-05 14:00:00,-0.27073905
2025-11-05 15:00:00,-0.19953258
2025-11-05 16:00:00,0.06989262
2025-11-05 17:00:00,0.45047748
2025-11-05 18:00:00,0.7879573
2025-11-05 19:00:00,0.9656323
2025-11-05 20:00:00,0.99417746
2025-11-05 21:00:00,0.79510504
2025-11-05 22:00:00,0.60164577
2025-11-05 23:00:00,0.4017621
2025-11-06 00:00:00,0.23001224
2025-11-06 01:00:00,0.068242244
2025-11-06 02:00:00,-0.07731693
2025-11-06 03:00:00,-0.15827316
2025-11-06 04:00:00,0.011162002
2025-11-06 05:00:00,0.28945625
2025-11-06 06:00:00,0.65358037
2025-11-06 07:00:00,0.83333725
2025-11-06 08:00:00,0.85481906
2025-11-06 09:00:00,0.6600463
2025-11-06 10:00:00,0.4786486
2025-11-06 11:00:00,0.29805905
2025-11-06 12:00:00,0.13484107
2025-11-06 13:00:00,-0.019172924
2025-11-06 14:00:00,-0.16036548
2025-11-06 15:00:00,-0.2462161
2025-11-06 16:00:00,-0.094017714
2025-11-06 17:00:00,0.17178522
2025-11-06 18:00:00,0.63614625
2025-11-06 19:00:00,0.8892019
2025-11-06 20:00:00,1.0444458
2025-11-06 21:00:00,0.9949593
2025-11-06 22:00:00,0.7607262
2025-11-06 23:00:00,0.5748335
2025-11-07 00:00:00,0.38614574
2025-11-07 01:00:00,0.21870285
2025-11-07 02:00:00,0.05940948
2025-11-07 03:00:00,-0.07874549
2025-11-07 04:00:00,-0.13002224
2025-11-07 05:00:00,0.06850172
2025-11-07 06:00:00,0.33486435
2025-11-07 07:00:00,0.6725881
2025-11-07 08:00:00,0.8051783
2025-11-07 09:00:00,0.741723
2025-11-07 10:00:00,0.5549794
2025-11-07 11:00:00,0.3815293
2025-11-07 12:00:00,0.21986096
2025-11-07 13:00:00,0.06672646
2025-11-07 14:00:00,-0.080607146
2025-11-07 15:00:00,-0.21165213
2025-11-07 16:00:00,-0.24510244
2025-11-07 17:00:00,-0.035731055
2025-11-07 18:00:00,0.21584362
2025-11-07 19:00:00,0.68555164
2025-11-07 20:00:00,0.9011548
2025-11-07 21:00:00,1.009194
2025-11-07 22:00:00,0.87968564
2025-11-07 23:00:00,0.6631949
2025-11-08 00:00:00,0.4825957
2025-11-08 01:00:00,0.30841616
2025-11-08 02:00:00,0.14782386
2025-11-08 03:00:00,-0.0062515666
2025-11-08 04:00:00,-0.13121904
2025-11-08 05:00:00,-0.13793454
2025-11-08 06:00:00,0.07168337
2025-11-08 07:00:00,0.32445
2025-11-08 08:00:00,0.6277297
2025-11-08 09:00:00,0.7132347
2025-11-08 10:00:00,0.5918819
2025-11-08 11:00:00,0.44089052
2025-11-08 12:00:00,0.27831617
2025-11-08 13:00:00,0.12818432
2025-11-08 14:00:00,-0.013177738
2025-11-08 15:00:00,-0.14849438
2025-11-08 16:00:00,-0.25600857
2025-11-08 17:00:00,-0.22318965
2025-11-08 18:00:00,0.015603201
2025-11-08 19:00:00,0.2818251
2025-11-08 20:00:00,0.70316494
2025-11-08 21:00:00,0.878122
2025-11-08 22:00:00,0.92324674
2025-11-08 23:00:00,0.75599474
2025-11-09 00:00:00,0.5756225
2025-11-09 01:00:00,0.39671516
2025-11-09 02:00:00,0.23953956
2025-11-09 03:00:00,0.091069065
2025-11-09 04:00:00,-0.045903116
2025-11-09 05:00:00,-0.14500803
2025-11-09 06:00:00,-0.09157958
2025-11-09 07:00:00,0.11419444
2025-11-09 08:00:00,0.34447902
2025-11-09 09:00:00,0.55697095
2025-11-09 10:00:00,0.61629665
2025-11-09 11:00:00,0.51904
2025-11-09 12:00:00,0.37353092
2025-11-09 13:00:00,0.22994246
2025-11-09 14:00:00,0.09271961
2025-11-09 15:00:00,-0.038826913
2025-11-09 16:00:00,-0.15751788
2025-11-09 17:00:00,-0.22573347
2025-11-09 18:00:00,-0.114414535
2025-11-09 19:00:00,0.11137825
2025-11-09 20:00:00,0.44764665
2025-11-09 21:00:00,0.72145957
2025-11-09 22:00:00,0.86671823
2025-11-09 23:00:00,0.84204906
2025-11-10 00:00:00,0.6836334
2025-11-10 01:00:00,0.5148848
2025-11-10 02:00:00,0.3567906
2025-11-10 03:00:00,0.21234994
2025-11-10 04:00:00,0.074369416
2025-11-10 05:00:00,-0.048707504
2025-11-10 06:00:00,-0.116667815
2025-11-10 07:00:00,-0.03662114
2025-11-10 08:00:00,0.14450341
2025-11-10 09:00:00,0.34287316
2025-11-10 10:00:00,0.47212875
2025-11-10 11:00:00,0.5222043
2025-11-10 12:00:00,0.45465657
2025-11-10 13:00:00,0.3241462
2025-11-10 14:00:00,0.19674174
2025-11-10 15:00:00,0.07469046
2025-11-10 16:00:00,-0.04531333
2025-11-10 17:00:00,-0.14404081
2025-11-10 18:00:00,-0.17734383
2025-11-10 19:00:00,-0.039223876
2025-11-10 20:00:00,0.17690015
2025-11-10 21:00:00,0.3994155
2025-11-10 22:00:00,0.68314373
2025-11-10 23:00:00,0.77331734
2025-11-11 00:00:00,0.70570016
